"Symbol","Series","Date","Prev Close","Open Price","High Price","Low Price","Last Price","Close Price","Average Price","Total Traded Quantity","Turnover","No. of Trades"
"ACC","EQ","01-Jan-2016","       1360.65","       1362.00","       1380.40","       1360.00","       1370.55","       1373.65","       1372.94","     161982","           222391592.70","       5651"
"ACC","EQ","04-Jan-2016","       1373.65","       1368.40","       1378.20","       1332.00","       1341.45","       1344.00","       1353.25","     158288","           214203914.45","       8391"
"ACC","EQ","05-Jan-2016","       1344.00","       1345.00","       1355.50","       1338.80","       1340.05","       1341.30","       1344.80","     126300","           169848293.20","       8994"
"ACC","EQ","06-Jan-2016","       1341.30","       1348.00","       1348.00","       1317.75","       1324.30","       1320.35","       1328.09","     316220","           419967105.20","      16780"
"ACC","EQ","07-Jan-2016","       1320.35","       1317.75","       1318.50","       1293.00","       1295.10","       1300.50","       1302.95","     301061","           392268141.25","      13671"
"ACC","EQ","08-Jan-2016","       1300.50","       1302.90","       1308.40","       1275.00","       1298.00","       1295.80","       1287.82","     161727","           208274641.70","       8865"
"ACC","EQ","11-Jan-2016","       1295.80","       1287.80","       1303.00","       1272.20","       1301.85","       1297.55","       1287.11","     142693","           183661283.85","       7480"
"ACC","EQ","12-Jan-2016","       1297.55","       1295.25","       1301.00","       1275.00","       1280.10","       1280.40","       1283.39","     105930","           135949062.80","       6342"
"ACC","EQ","13-Jan-2016","       1280.40","       1290.00","       1294.00","       1266.50","       1285.00","       1281.95","       1278.58","     166569","           212971581.75","       8007"
"ACC","EQ","14-Jan-2016","       1281.95","       1270.00","       1277.70","       1259.10","       1270.00","       1269.05","       1268.47","     124027","           157323984.45","       5471"
"ACC","EQ","15-Jan-2016","       1269.05","       1275.00","       1275.00","       1223.25","       1228.95","       1229.60","       1250.59","     141382","           176811330.35","       9758"
"ACC","EQ","18-Jan-2016","       1229.60","       1232.50","       1241.00","       1212.30","       1225.80","       1224.25","       1225.94","     156641","           192032658.05","       9461"
"ACC","EQ","19-Jan-2016","       1224.25","       1230.00","       1246.00","       1222.50","       1237.00","       1235.30","       1236.82","     176622","           218450032.80","       9553"
"ACC","EQ","20-Jan-2016","       1235.30","       1218.90","       1229.00","       1205.00","       1215.00","       1212.25","       1212.47","     156349","           189568109.30","       9474"
"ACC","EQ","21-Jan-2016","       1212.25","       1225.00","       1236.95","       1211.25","       1227.10","       1228.45","       1224.58","     209284","           256284210.90","      11982"
"ACC","EQ","22-Jan-2016","       1228.45","       1239.95","       1256.65","       1230.05","       1246.90","       1241.00","       1246.78","     123254","           153670437.40","       6121"
"ACC","EQ","25-Jan-2016","       1241.00","       1250.00","       1263.50","       1241.05","       1244.80","       1245.00","       1252.02","     124527","           155909698.50","       9770"
"ACC","EQ","27-Jan-2016","       1245.00","       1249.00","       1250.00","       1228.00","       1229.05","       1230.35","       1236.73","     112892","           139617403.55","       6993"
"ACC","EQ","28-Jan-2016","       1230.35","       1232.40","       1234.90","       1208.00","       1220.00","       1214.95","       1222.59","     134504","           164443450.35","       7531"
"ACC","EQ","29-Jan-2016","       1214.95","       1220.10","       1253.50","       1216.05","       1237.30","       1240.05","       1241.34","     254442","           315850123.05","      11987"
"ACC","EQ","01-Feb-2016","       1240.05","       1245.00","       1278.90","       1240.30","       1269.15","       1271.85","       1267.78","     210958","           267447706.00","      15588"
"ACC","EQ","02-Feb-2016","       1271.85","       1266.80","       1283.00","       1253.05","       1255.10","       1261.35","       1270.07","     204605","           259863412.45","      10235"
"ACC","EQ","03-Feb-2016","       1261.35","       1244.00","       1279.00","       1241.45","       1251.00","       1248.95","       1260.96","     191044","           240899602.05","      12021"
"ACC","EQ","04-Feb-2016","       1248.95","       1255.25","       1277.40","       1253.20","       1269.00","       1270.40","       1268.57","     205905","           261204406.45","       8150"
"ACC","EQ","05-Feb-2016","       1270.40","       1267.05","       1286.00","       1259.05","       1269.00","       1271.40","       1272.45","     231340","           294369268.05","      11648"
"ACC","EQ","08-Feb-2016","       1271.40","       1271.00","       1309.75","       1270.15","       1281.00","       1280.60","       1292.22","     218591","           282466629.75","      10102"
"ACC","EQ","09-Feb-2016","       1280.60","       1271.00","       1292.85","       1270.00","       1281.35","       1279.10","       1281.86","     148674","           190579793.40","       9749"
"ACC","EQ","10-Feb-2016","       1279.10","       1270.00","       1278.25","       1250.05","       1267.00","       1265.85","       1261.25","     256864","           323970934.85","      15461"
"ACC","EQ","11-Feb-2016","       1265.85","       1250.00","       1264.70","       1225.50","       1238.10","       1234.00","       1240.32","     231566","           287215349.60","      10385"
"ACC","EQ","12-Feb-2016","       1234.00","       1234.20","       1242.65","       1199.10","       1223.80","       1221.05","       1221.51","     212041","           259010520.90","      12823"
"ACC","EQ","15-Feb-2016","       1221.05","       1230.00","       1268.70","       1228.35","       1256.60","       1256.55","       1258.18","     130804","           164575209.60","       9080"
"ACC","EQ","16-Feb-2016","       1256.55","       1265.00","       1273.10","       1225.00","       1225.00","       1227.80","       1251.78","     144749","           181193490.05","       7739"
"ACC","EQ","17-Feb-2016","       1227.80","       1222.80","       1233.50","       1204.00","       1225.00","       1226.05","       1219.42","     165080","           201302361.65","       8593"
"ACC","EQ","18-Feb-2016","       1226.05","       1235.00","       1265.65","       1231.60","       1261.60","       1262.35","       1251.55","     194704","           243680869.20","       9813"
"ACC","EQ","19-Feb-2016","       1262.35","       1259.80","       1280.90","       1248.40","       1280.90","       1278.00","       1263.60","     160509","           202818794.80","       8128"
"ACC","EQ","22-Feb-2016","       1278.00","       1274.50","       1287.30","       1267.65","       1281.55","       1281.50","       1277.45","     122556","           156559500.15","       6441"
"ACC","EQ","23-Feb-2016","       1281.50","       1271.10","       1282.00","       1240.65","       1241.20","       1243.90","       1260.59","     137883","           173814559.70","       7292"
"ACC","EQ","24-Feb-2016","       1243.90","       1239.00","       1245.25","       1225.80","       1234.50","       1233.15","       1236.38","     122545","           151512390.05","       6344"
"ACC","EQ","25-Feb-2016","       1233.15","       1231.40","       1234.80","       1196.00","       1200.00","       1199.85","       1209.83","     208252","           251949119.55","       9342"
"ACC","EQ","26-Feb-2016","       1199.85","       1210.30","       1210.35","       1182.15","       1191.95","       1190.90","       1190.24","     224281","           266949052.20","      11289"
"ACC","EQ","29-Feb-2016","       1190.90","       1189.00","       1206.90","       1174.00","       1200.00","       1193.90","       1193.60","     199068","           237606654.40","      11415"
"ACC","EQ","01-Mar-2016","       1193.90","       1199.00","       1243.35","       1195.00","       1232.65","       1232.90","       1218.22","     150747","           183643030.30","       9006"
"ACC","EQ","02-Mar-2016","       1232.90","       1240.00","       1259.80","       1233.90","       1239.00","       1243.25","       1243.51","     140876","           175180967.65","      10373"
"ACC","EQ","03-Mar-2016","       1243.25","       1245.70","       1259.80","       1233.00","       1255.00","       1254.15","       1248.36","     226023","           282158267.10","      15740"
"ACC","EQ","04-Mar-2016","       1254.15","       1255.00","       1256.00","       1232.00","       1236.00","       1239.35","       1243.26","     189317","           235370878.50","      11772"
"ACC","EQ","08-Mar-2016","       1239.35","       1239.10","       1254.95","       1231.10","       1234.50","       1241.15","       1245.04","     151748","           188933061.95","       9853"
"ACC","EQ","09-Mar-2016","       1241.15","       1237.30","       1249.70","       1233.25","       1241.15","       1243.75","       1241.73","     304618","           378253579.00","      11413"
"ACC","EQ","10-Mar-2016","       1243.75","       1248.00","       1250.00","       1226.10","       1233.65","       1230.35","       1236.88","     157799","           195178147.10","       6078"
"ACC","EQ","11-Mar-2016","       1230.35","       1225.00","       1238.00","       1218.00","       1227.95","       1226.75","       1229.58","     227408","           279615523.00","       8451"
"ACC","EQ","14-Mar-2016","       1226.75","       1231.30","       1239.00","       1230.00","       1230.70","       1235.80","       1234.21","     199944","           246772672.70","      13352"
"ACC","EQ","15-Mar-2016","       1235.80","       1236.00","       1244.85","       1231.30","       1242.00","       1240.10","       1238.99","     252747","           313151727.45","      10209"
"ACC","EQ","16-Mar-2016","       1240.10","       1240.40","       1247.50","       1228.05","       1242.80","       1236.15","       1237.73","     133474","           165205180.60","       6399"
"ACC","EQ","17-Mar-2016","       1236.15","       1243.90","       1284.30","       1243.90","       1277.05","       1273.70","       1269.60","     661507","           839846766.25","      17211"
"ACC","EQ","18-Mar-2016","       1273.70","       1280.10","       1340.30","       1280.00","       1337.00","       1337.20","       1319.92","     937576","          1237523349.10","      30694"
"ACC","EQ","21-Mar-2016","       1337.20","       1344.35","       1378.00","       1338.00","       1378.00","       1374.35","       1367.98","     642636","           879112238.30","      24198"
"ACC","EQ","22-Mar-2016","       1374.35","       1374.00","       1374.00","       1352.00","       1364.00","       1365.50","       1361.16","     274082","           373070120.25","      11176"
"ACC","EQ","23-Mar-2016","       1365.50","       1368.00","       1400.00","       1358.10","       1367.70","       1372.65","       1375.72","     348767","           479805113.70","      25865"
"ACC","EQ","28-Mar-2016","       1372.65","       1372.65","       1392.00","       1355.20","       1382.00","       1377.55","       1378.41","     361296","           498013431.20","      29581"
"ACC","EQ","29-Mar-2016","       1377.55","       1367.05","       1388.00","       1353.10","       1366.90","       1366.05","       1366.52","     306696","           419106010.80","       9783"
"ACC","EQ","30-Mar-2016","       1366.05","       1373.00","       1392.00","       1371.10","       1392.00","       1385.70","       1384.25","     283716","           392735161.15","      15617"
"ACC","EQ","31-Mar-2016","       1385.70","       1395.00","       1395.00","       1362.20","       1378.00","       1381.90","       1379.93","     593818","           819428004.15","      27678"
"ACC","EQ","01-Apr-2016","       1381.90","       1371.25","       1417.00","       1371.25","       1414.00","       1413.80","       1398.49","     353030","           493708011.10","      20482"
"ACC","EQ","04-Apr-2016","       1413.80","       1409.95","       1424.25","       1397.00","       1410.75","       1412.10","       1413.31","     304032","           429689999.15","      12807"
"ACC","EQ","05-Apr-2016","       1412.10","       1405.00","       1415.00","       1387.00","       1390.00","       1390.75","       1401.37","     245684","           344293697.65","      13108"
"ACC","EQ","06-Apr-2016","       1390.75","       1395.00","       1433.50","       1392.00","       1425.00","       1427.70","       1423.62","     395582","           563157256.75","      17928"
"ACC","EQ","07-Apr-2016","       1427.70","       1425.00","       1434.00","       1411.20","       1419.50","       1417.55","       1424.22","     188755","           268827953.35","       9679"
"ACC","EQ","08-Apr-2016","       1417.55","       1414.00","       1448.85","       1411.90","       1445.00","       1441.85","       1440.88","     385804","           555898800.50","      17951"
"ACC","EQ","11-Apr-2016","       1441.85","       1447.50","       1449.95","       1425.50","       1446.50","       1447.15","       1440.97","     182766","           263360134.35","       7116"
"ACC","EQ","12-Apr-2016","       1447.15","       1448.90","       1452.50","       1430.05","       1451.35","       1448.70","       1443.31","     227452","           328282889.85","      13265"
"ACC","EQ","13-Apr-2016","       1448.70","       1451.35","       1475.00","       1450.75","       1468.00","       1469.95","       1468.56","     357950","           525672608.80","      15360"
"ACC","EQ","18-Apr-2016","       1469.95","       1465.10","       1469.00","       1437.20","       1469.00","       1464.15","       1454.57","     291018","           423306013.90","      18991"
"ACC","EQ","20-Apr-2016","       1464.15","       1468.10","       1481.50","       1460.25","       1469.00","       1467.65","       1469.93","     300310","           441436156.55","      12888"
"ACC","EQ","21-Apr-2016","       1467.65","       1482.50","       1482.50","       1428.00","       1430.00","       1433.30","       1450.47","     182428","           264605839.15","      11334"
"ACC","EQ","22-Apr-2016","       1433.30","       1430.00","       1432.50","       1410.75","       1416.00","       1414.15","       1419.26","     277158","           393359068.85","      11300"
"ACC","EQ","25-Apr-2016","       1414.15","       1424.00","       1429.60","       1406.00","       1426.05","       1422.90","       1416.23","     164659","           233195715.10","      10840"
"ACC","EQ","26-Apr-2016","       1422.90","       1430.00","       1434.80","       1421.20","       1422.60","       1426.90","       1427.07","     183762","           262240701.95","      10129"
"ACC","EQ","27-Apr-2016","       1426.90","       1428.85","       1445.60","       1419.00","       1429.00","       1429.55","       1436.05","     139836","           200810909.60","      12953"
"ACC","EQ","28-Apr-2016","       1429.55","       1422.10","       1451.00","       1408.00","       1450.00","       1437.85","       1431.40","     805376","          1152818368.40","      34913"
"ACC","EQ","29-Apr-2016","       1437.85","       1450.80","       1459.00","       1428.90","       1441.25","       1443.15","       1445.94","     283005","           409207420.70","      15615"
"ACC","EQ","02-May-2016","       1443.15","       1442.00","       1446.45","       1416.15","       1424.90","       1420.55","       1423.11","     205976","           293126078.20","      10910"
"ACC","EQ","03-May-2016","       1420.55","       1430.00","       1445.00","       1413.70","       1416.00","       1420.15","       1432.04","     218099","           312325603.60","      10098"
"ACC","EQ","04-May-2016","       1420.15","       1414.00","       1420.00","       1398.20","       1401.00","       1403.70","       1408.94","     191198","           269385574.25","       9739"
"ACC","EQ","05-May-2016","       1403.70","       1395.80","       1407.80","       1379.30","       1391.10","       1394.85","       1391.46","     216481","           301223602.95","      12510"
"ACC","EQ","06-May-2016","       1394.85","       1389.00","       1445.00","       1388.30","       1434.00","       1425.45","       1414.31","     294483","           416491123.40","      12339"
"ACC","EQ","09-May-2016","       1425.45","       1432.50","       1451.90","       1428.40","       1435.00","       1439.75","       1442.79","     182897","           263881313.95","       8861"
"ACC","EQ","10-May-2016","       1439.75","       1438.00","       1465.95","       1425.50","       1464.85","       1463.35","       1451.86","     257547","           373921215.85","      12706"
"ACC","EQ","11-May-2016","       1463.35","       1457.00","       1472.40","       1441.50","       1465.00","       1467.25","       1461.93","     311712","           455701597.40","      10990"
"ACC","EQ","12-May-2016","       1467.25","       1460.00","       1475.00","       1456.10","       1460.30","       1462.40","       1466.55","     127214","           186565336.75","       7268"
"ACC","EQ","13-May-2016","       1462.40","       1451.10","       1462.95","       1441.00","       1452.35","       1457.10","       1452.56","     191465","           278113962.30","       8937"
"ACC","EQ","16-May-2016","       1457.10","       1452.30","       1462.00","       1442.60","       1461.70","       1458.20","       1453.07","      95257","           138414778.90","       6076"
"ACC","EQ","17-May-2016","       1458.20","       1468.00","       1468.00","       1440.05","       1447.00","       1449.40","       1452.46","     136278","           197937955.15","       8122"
"ACC","EQ","18-May-2016","       1449.40","       1442.50","       1442.50","       1428.50","       1432.00","       1434.05","       1434.01","     142481","           204318663.65","       8776"
"ACC","EQ","19-May-2016","       1434.05","       1435.00","       1438.00","       1403.00","       1408.00","       1409.85","       1421.38","     123694","           175815820.15","       7459"
"ACC","EQ","20-May-2016","       1409.85","       1415.00","       1418.85","       1390.15","       1392.70","       1393.45","       1405.18","     132709","           186479751.95","       8726"
"ACC","EQ","23-May-2016","       1393.45","       1393.25","       1428.00","       1390.00","       1420.00","       1418.00","       1416.54","     321582","           455533266.45","       9740"
"ACC","EQ","24-May-2016","       1418.00","       1418.05","       1450.00","       1412.60","       1445.05","       1446.15","       1437.48","     219384","           315360574.30","       9651"
"ACC","EQ","25-May-2016","       1446.15","       1456.00","       1489.40","       1452.75","       1472.75","       1475.05","       1471.86","     406129","           597765725.05","      16437"
"ACC","EQ","26-May-2016","       1475.05","       1485.00","       1508.00","       1474.75","       1501.00","       1504.05","       1496.56","     316361","           473451796.60","      16255"
"ACC","EQ","27-May-2016","       1504.05","       1509.00","       1533.30","       1502.00","       1525.15","       1522.95","       1516.80","     433423","           657415850.55","      17469"
"ACC","EQ","30-May-2016","       1522.95","       1530.00","       1546.00","       1525.05","       1530.50","       1537.15","       1539.29","     609125","           937619773.30","      14991"
"ACC","EQ","31-May-2016","       1537.15","       1535.05","       1546.50","       1521.50","       1523.25","       1529.05","       1537.64","     447261","           687726333.35","      18046"
"ACC","EQ","01-Jun-2016","       1529.05","       1535.00","       1559.95","       1528.00","       1559.00","       1552.40","       1542.07","     741826","          1143948698.40","       9916"
"ACC","EQ","02-Jun-2016","       1552.40","       1552.40","       1558.00","       1537.10","       1545.00","       1546.30","       1544.03","     204883","           316345760.00","      11099"
"ACC","EQ","03-Jun-2016","       1546.30","       1553.50","       1564.00","       1533.60","       1539.50","       1540.00","       1544.30","     765137","          1181603369.95","      16146"
"ACC","EQ","06-Jun-2016","       1540.00","       1542.00","       1544.50","       1532.00","       1534.00","       1534.70","       1538.03","     406775","           625630829.75","       7564"
"ACC","EQ","07-Jun-2016","       1534.70","       1526.15","       1555.90","       1526.15","       1542.60","       1540.45","       1542.75","     350868","           541302509.50","      14628"
"ACC","EQ","08-Jun-2016","       1540.45","       1545.00","       1550.00","       1532.15","       1547.50","       1546.75","       1541.47","     369780","           570003443.45","       9592"
"ACC","EQ","09-Jun-2016","       1546.75","       1547.50","       1555.00","       1528.00","       1535.80","       1533.00","       1546.10","     425292","           657542290.70","       8716"
"ACC","EQ","10-Jun-2016","       1533.00","       1530.00","       1559.95","       1530.00","       1559.80","       1555.65","       1547.20","     683588","          1057645310.35","      12044"
"ACC","EQ","13-Jun-2016","       1555.65","       1548.00","       1551.80","       1537.00","       1545.20","       1546.80","       1544.68","     385737","           595839837.30","      10589"
"ACC","EQ","14-Jun-2016","       1546.80","       1550.00","       1552.85","       1536.20","       1536.25","       1539.95","       1541.97","     123826","           190936075.75","       5003"
"ACC","EQ","15-Jun-2016","       1539.95","       1542.05","       1564.65","       1538.05","       1561.15","       1560.15","       1552.60","     169282","           262827433.05","       6723"
"ACC","EQ","16-Jun-2016","       1560.15","       1559.90","       1571.40","       1535.55","       1541.10","       1544.95","       1551.90","     246458","           382477249.20","      20040"
"ACC","EQ","17-Jun-2016","       1544.95","       1555.00","       1559.40","       1544.60","       1555.70","       1555.40","       1552.25","     159057","           246896522.60","      10994"
"ACC","EQ","20-Jun-2016","       1555.40","       1538.40","       1574.05","       1538.40","       1568.10","       1570.15","       1554.55","     189189","           294103190.15","       6634"
"ACC","EQ","21-Jun-2016","       1570.15","       1573.00","       1576.85","       1553.50","       1558.20","       1559.00","       1560.45","     132191","           206277713.35","       5048"
"ACC","EQ","22-Jun-2016","       1559.00","       1565.00","       1575.00","       1558.55","       1568.00","       1571.05","       1567.07","     262079","           410696885.15","       5180"
"ACC","EQ","23-Jun-2016","       1571.05","       1571.00","       1579.70","       1566.00","       1575.00","       1571.60","       1572.96","     203556","           320185855.35","       8330"
"ACC","EQ","24-Jun-2016","       1571.60","       1550.00","       1575.95","       1522.00","       1569.30","       1568.10","       1541.67","     454077","           700038078.20","      10700"
"ACC","EQ","27-Jun-2016","       1568.10","       1567.00","       1614.00","       1564.85","       1600.65","       1601.00","       1600.50","     436913","           699277918.35","      20526"
"ACC","EQ","28-Jun-2016","       1601.00","       1608.20","       1610.35","       1585.00","       1599.50","       1598.40","       1594.81","     220564","           351758047.10","      15315"
"ACC","EQ","29-Jun-2016","       1598.40","       1617.00","       1617.00","       1591.65","       1601.50","       1598.95","       1603.88","     566696","           908912786.95","      13849"
"ACC","EQ","30-Jun-2016","       1598.95","       1601.50","       1624.95","       1595.15","       1623.95","       1616.05","       1608.75","     434696","           699316620.20","      12667"
"ACC","EQ","01-Jul-2016","       1616.05","       1618.35","       1626.05","       1611.75","       1619.55","       1617.40","       1620.61","     189854","           307678438.50","      10567"
"ACC","EQ","04-Jul-2016","       1617.40","       1618.00","       1625.95","       1600.25","       1601.60","       1605.60","       1614.21","     150330","           242664281.15","      13105"
"ACC","EQ","05-Jul-2016","       1605.60","       1612.70","       1614.60","       1585.00","       1587.00","       1589.30","       1597.88","     244811","           391177951.10","      11666"
"ACC","EQ","07-Jul-2016","       1589.30","       1585.70","       1609.75","       1569.05","       1609.00","       1604.70","       1591.83","     299181","           476245350.80","      11057"
"ACC","EQ","08-Jul-2016","       1604.70","       1610.00","       1610.05","       1592.30","       1600.00","       1597.65","       1600.12","     200172","           320298850.60","       9538"
"ACC","EQ","11-Jul-2016","       1597.65","       1608.10","       1623.85","       1606.05","       1615.00","       1616.80","       1617.35","     133805","           216409723.50","       5377"
"ACC","EQ","12-Jul-2016","       1616.80","       1616.20","       1629.95","       1607.80","       1620.00","       1620.10","       1619.92","     144382","           233887297.55","       7439"
"ACC","EQ","13-Jul-2016","       1620.10","       1616.50","       1625.30","       1611.00","       1616.00","       1617.20","       1616.74","     204473","           330580095.60","       7469"
"ACC","EQ","14-Jul-2016","       1617.20","       1617.90","       1629.00","       1609.40","       1627.00","       1626.20","       1622.19","     151787","           246228037.05","       7614"
"ACC","EQ","15-Jul-2016","       1626.20","       1628.30","       1644.30","       1608.15","       1616.00","       1613.00","       1621.63","     202637","           328602880.95","      19272"
"ACC","EQ","18-Jul-2016","       1613.00","       1619.00","       1619.00","       1590.20","       1594.90","       1595.50","       1604.34","     182531","           292841669.30","      15764"
"ACC","EQ","19-Jul-2016","       1595.50","       1595.30","       1611.90","       1579.55","       1611.90","       1602.55","       1598.33","     292358","           467284718.95","      13826"
"ACC","EQ","20-Jul-2016","       1602.55","       1612.10","       1640.00","       1607.55","       1639.75","       1631.80","       1626.85","     340427","           553822132.40","      17204"
"ACC","EQ","21-Jul-2016","       1631.80","       1645.00","       1718.00","       1643.00","       1704.00","       1708.20","       1696.89","     883761","          1499649336.80","      39620"
"ACC","EQ","22-Jul-2016","       1708.20","       1700.00","       1702.85","       1675.15","       1675.15","       1681.55","       1687.28","     321797","           542961802.65","      29248"
"ACC","EQ","25-Jul-2016","       1681.55","       1678.95","       1693.75","       1668.35","       1673.30","       1675.65","       1681.28","     296454","           498421265.15","      11673"
"ACC","EQ","26-Jul-2016","       1675.65","       1685.00","       1709.95","       1660.95","       1671.00","       1675.55","       1690.14","     856261","          1447198204.05","      38470"
"ACC","EQ","27-Jul-2016","       1675.55","       1699.95","       1699.95","       1657.40","       1668.00","       1665.15","       1678.37","     360859","           605656105.35","      13644"
"ACC","EQ","28-Jul-2016","       1665.15","       1676.00","       1690.65","       1659.50","       1680.00","       1685.10","       1672.85","     408192","           682845753.35","      14079"
"ACC","EQ","29-Jul-2016","       1685.10","       1681.95","       1717.95","       1665.60","       1690.20","       1688.70","       1696.54","     290569","           492963069.15","      13154"
"ACC","EQ","01-Aug-2016","       1688.70","       1695.55","       1703.50","       1674.00","       1687.50","       1688.85","       1690.34","     164006","           277226676.20","       7712"
"ACC","EQ","02-Aug-2016","       1688.85","       1678.00","       1688.80","       1659.60","       1670.00","       1670.75","       1675.04","     158612","           265681541.05","      12894"
"ACC","EQ","03-Aug-2016","       1670.75","       1672.70","       1684.80","       1661.00","       1666.00","       1668.80","       1673.56","     118390","           198132830.25","       8708"
"ACC","EQ","04-Aug-2016","       1668.80","       1679.90","       1684.90","       1657.15","       1669.85","       1666.25","       1667.91","     131610","           219513567.70","       7643"
"ACC","EQ","05-Aug-2016","       1666.25","       1678.00","       1724.45","       1667.30","       1723.00","       1721.05","       1708.00","     349126","           596306103.45","      16896"
"ACC","EQ","08-Aug-2016","       1721.05","       1725.90","       1736.40","       1708.80","       1715.00","       1715.15","       1724.22","     302847","           522175254.45","      22973"
"ACC","EQ","09-Aug-2016","       1715.15","       1715.00","       1723.95","       1674.90","       1682.00","       1685.95","       1692.61","     292930","           495816840.15","      14606"
"ACC","EQ","10-Aug-2016","       1685.95","       1688.00","       1688.00","       1611.10","       1612.00","       1618.90","       1644.04","     212343","           349099441.90","      13101"
"ACC","EQ","11-Aug-2016","       1618.90","       1620.00","       1647.55","       1584.00","       1628.50","       1618.40","       1616.48","     378875","           612443282.70","      14867"
"ACC","EQ","12-Aug-2016","       1618.40","       1625.05","       1660.00","       1621.95","       1653.00","       1652.50","       1647.48","     336621","           554577017.10","      27831"
"ACC","EQ","16-Aug-2016","       1652.50","       1654.30","       1676.95","       1653.60","       1660.85","       1663.85","       1663.97","     350960","           583987863.35","      19396"
"ACC","EQ","17-Aug-2016","       1663.85","       1662.70","       1684.70","       1641.80","       1680.35","       1675.00","       1661.04","     296849","           493077022.10","      18988"
"ACC","EQ","18-Aug-2016","       1675.00","       1682.50","       1699.95","       1677.60","       1690.00","       1692.70","       1694.90","     413415","           700697434.45","      12223"
"ACC","EQ","19-Aug-2016","       1692.70","       1690.00","       1708.05","       1682.00","       1690.00","       1691.20","       1693.51","     343996","           582561465.30","       9705"
"ACC","EQ","22-Aug-2016","       1691.20","       1692.65","       1696.00","       1655.00","       1655.00","       1660.95","       1667.53","     198770","           331455653.75","       6760"
"ACC","EQ","23-Aug-2016","       1660.95","       1654.00","       1681.80","       1630.00","       1654.00","       1654.65","       1654.41","     308683","           510689238.90","      12403"
"ACC","EQ","24-Aug-2016","       1654.65","       1643.00","       1658.70","       1640.00","       1647.50","       1647.40","       1648.22","     133853","           220618858.95","       7428"
"ACC","EQ","25-Aug-2016","       1647.40","       1651.00","       1666.10","       1641.10","       1650.00","       1645.80","       1654.91","     192518","           318600323.80","       9230"
"ACC","EQ","26-Aug-2016","       1645.80","       1648.20","       1663.40","       1622.75","       1637.95","       1638.20","       1643.46","     132820","           218284720.30","       7506"
"ACC","EQ","29-Aug-2016","       1638.20","       1638.00","       1641.85","       1623.45","       1634.50","       1634.95","       1632.25","     118427","           193301941.95","       6308"
"ACC","EQ","30-Aug-2016","       1634.95","       1640.50","       1695.00","       1640.05","       1692.20","       1688.60","       1676.15","     293777","           492415068.40","      17050"
"ACC","EQ","31-Aug-2016","       1688.60","       1688.60","       1725.00","       1688.60","       1713.95","       1709.80","       1713.29","     612017","          1048561377.20","      38887"
"ACC","EQ","01-Sep-2016","       1709.80","       1668.00","       1699.00","       1668.00","       1690.00","       1687.55","       1686.22","     460835","           777069775.70","      17216"
"ACC","EQ","02-Sep-2016","       1687.55","       1690.30","       1696.00","       1665.40","       1667.00","       1669.55","       1674.53","     233411","           390853684.25","       6962"
"ACC","EQ","06-Sep-2016","       1669.55","       1685.00","       1708.25","       1673.50","       1696.25","       1698.85","       1694.71","     283811","           480976608.20","      15393"
"ACC","EQ","07-Sep-2016","       1698.85","       1701.00","       1706.80","       1682.10","       1696.00","       1696.35","       1698.44","     246479","           418628960.80","      14329"
"ACC","EQ","08-Sep-2016","       1696.35","       1687.20","       1715.00","       1683.55","       1691.20","       1692.75","       1698.94","     261065","           443532679.35","      12573"
"ACC","EQ","09-Sep-2016","       1692.75","       1693.00","       1693.00","       1651.20","       1659.10","       1653.35","       1659.77","     287571","           477301022.30","      14238"
"ACC","EQ","12-Sep-2016","       1653.35","       1640.00","       1640.00","       1570.25","       1584.00","       1582.40","       1594.75","     256445","           408964743.70","      17992"
"ACC","EQ","14-Sep-2016","       1582.40","       1584.00","       1626.90","       1582.65","       1621.40","       1620.00","       1600.84","     282022","           451470800.80","      15148"
"ACC","EQ","15-Sep-2016","       1620.00","       1615.05","       1623.85","       1592.70","       1623.85","       1611.20","       1606.31","     226222","           363383522.05","      20714"
"ACC","EQ","16-Sep-2016","       1611.20","       1625.00","       1639.90","       1613.40","       1626.35","       1626.30","       1627.76","     250388","           407572820.05","      19163"
"ACC","EQ","19-Sep-2016","       1626.30","       1636.00","       1658.00","       1632.15","       1647.10","       1652.75","       1644.17","     256936","           422447395.30","      13182"
"ACC","EQ","20-Sep-2016","       1652.75","       1652.00","       1656.30","       1625.50","       1629.00","       1632.30","       1641.09","     276332","           453485941.80","      17036"
"ACC","EQ","21-Sep-2016","       1632.30","       1631.50","       1645.75","       1625.05","       1625.30","       1629.25","       1635.05","     205138","           335411376.80","      18394"
"ACC","EQ","22-Sep-2016","       1629.25","       1644.00","       1671.00","       1640.00","       1667.00","       1666.05","       1655.27","     314131","           519972859.50","      15747"
"ACC","EQ","23-Sep-2016","       1666.05","       1672.00","       1672.00","       1610.70","       1613.25","       1617.00","       1633.67","     268908","           439307575.75","      16663"
"ACC","EQ","26-Sep-2016","       1617.00","       1608.20","       1618.50","       1593.40","       1610.00","       1610.95","       1603.59","     244376","           391879923.65","      19098"
"ACC","EQ","27-Sep-2016","       1610.95","       1612.30","       1624.00","       1604.00","       1608.00","       1608.40","       1613.29","     148821","           240092091.75","       9676"
"ACC","EQ","28-Sep-2016","       1608.40","       1605.00","       1623.00","       1603.00","       1613.25","       1616.15","       1613.67","     123374","           199085299.95","       9000"
"ACC","EQ","29-Sep-2016","       1616.15","       1620.00","       1627.40","       1577.35","       1601.00","       1588.40","       1600.47","     718082","          1149269941.00","      27506"
"ACC","EQ","30-Sep-2016","       1588.40","       1576.25","       1611.85","       1576.25","       1611.85","       1599.85","       1596.47","     155560","           248346491.20","      12815"
"ACC","EQ","03-Oct-2016","       1599.85","       1615.00","       1639.00","       1605.00","       1633.60","       1631.95","       1624.46","     151874","           246713578.00","      13700"
"ACC","EQ","04-Oct-2016","       1631.95","       1633.70","       1643.40","       1622.00","       1635.55","       1637.10","       1634.38","     354672","           579668713.25","      27811"
"ACC","EQ","05-Oct-2016","       1637.10","       1640.00","       1647.90","       1622.50","       1633.20","       1638.00","       1633.84","     264589","           432296889.30","      18983"
"ACC","EQ","06-Oct-2016","       1638.00","       1642.00","       1653.00","       1619.20","       1625.10","       1629.75","       1628.31","     252352","           410907139.50","      13205"
"ACC","EQ","07-Oct-2016","       1629.75","       1628.90","       1630.70","       1608.50","       1623.10","       1625.40","       1617.70","     262250","           424241322.95","      12443"
"ACC","EQ","10-Oct-2016","       1625.40","       1628.80","       1674.00","       1623.80","       1667.00","       1668.50","       1663.62","     420386","           699361977.55","      15365"
"ACC","EQ","13-Oct-2016","       1668.50","       1660.00","       1660.00","       1622.45","       1630.05","       1632.05","       1642.21","     216022","           354753790.40","      16808"
"ACC","EQ","14-Oct-2016","       1632.05","       1636.00","       1651.00","       1630.05","       1637.35","       1640.25","       1640.72","     182239","           299002512.55","       9445"
"ACC","EQ","17-Oct-2016","       1640.25","       1641.00","       1644.90","       1598.20","       1602.50","       1604.70","       1616.34","     326387","           527551819.15","      17573"
"ACC","EQ","18-Oct-2016","       1604.70","       1607.00","       1618.00","       1590.50","       1616.00","       1616.00","       1608.03","     295645","           475405212.20","      14739"
"ACC","EQ","19-Oct-2016","       1616.00","       1619.80","       1627.00","       1606.40","       1609.25","       1610.55","       1616.04","     158539","           256205176.65","       6479"
"ACC","EQ","20-Oct-2016","       1610.55","       1620.00","       1627.80","       1604.80","       1606.70","       1609.45","       1614.06","     145915","           235515417.90","      10415"
"ACC","EQ","21-Oct-2016","       1609.45","       1612.00","       1614.00","       1541.85","       1574.00","       1566.15","       1565.03","    1607644","          2516014170.35","      45458"
"ACC","EQ","24-Oct-2016","       1566.15","       1560.20","       1586.70","       1551.25","       1563.20","       1565.90","       1565.36","     337777","           528742070.80","      13054"
"ACC","EQ","25-Oct-2016","       1565.90","       1568.00","       1568.00","       1547.60","       1554.90","       1551.65","       1553.64","     210532","           327090257.75","      14923"
"ACC","EQ","26-Oct-2016","       1551.65","       1546.35","       1549.00","       1535.00","       1542.00","       1543.00","       1543.54","     182378","           281507010.35","       8794"
"ACC","EQ","27-Oct-2016","       1543.00","       1540.00","       1545.60","       1514.10","       1529.00","       1525.00","       1524.78","     454542","           693077958.00","      11780"
"ACC","EQ","28-Oct-2016","       1525.00","       1526.65","       1532.00","       1508.60","       1513.85","       1516.70","       1517.32","     143281","           217402706.35","       6887"
"ACC","EQ","30-Oct-2016","       1516.70","       1519.70","       1527.45","       1515.00","       1518.45","       1517.75","       1520.92","      36562","            55607997.45","       2256"
"ACC","EQ","01-Nov-2016","       1517.75","       1514.70","       1528.70","       1499.00","       1504.00","       1503.85","       1512.58","     227928","           344758771.10","      14521"
"ACC","EQ","02-Nov-2016","       1503.85","       1483.00","       1512.00","       1483.00","       1490.00","       1488.15","       1496.91","     192484","           288130918.70","      13314"
"ACC","EQ","03-Nov-2016","       1488.15","       1488.25","       1521.45","       1487.65","       1509.90","       1510.10","       1509.29","     356296","           537754682.20","      21255"
"ACC","EQ","04-Nov-2016","       1510.10","       1511.70","       1526.35","       1474.10","       1492.00","       1490.05","       1495.76","     362809","           542676998.80","      24085"
"ACC","EQ","07-Nov-2016","       1490.05","       1499.20","       1517.00","       1483.25","       1483.25","       1487.65","       1496.65","     252525","           377941931.35","      20893"
"ACC","EQ","08-Nov-2016","       1487.65","       1491.90","       1512.00","       1489.55","       1512.00","       1507.90","       1501.04","     205365","           308260087.80","      15738"
"ACC","EQ","09-Nov-2016","       1507.90","       1451.15","       1467.00","       1358.00","       1460.00","       1455.20","       1432.71","     570189","           816917369.50","      28487"
"ACC","EQ","10-Nov-2016","       1455.20","       1470.00","       1497.00","       1450.05","       1463.00","       1456.80","       1479.94","     379958","           562316209.75","      22312"
"ACC","EQ","11-Nov-2016","       1456.80","       1448.90","       1448.90","       1391.45","       1407.10","       1400.45","       1404.26","     281691","           395566555.25","      15183"
"ACC","EQ","15-Nov-2016","       1400.45","       1396.10","       1431.95","       1328.50","       1340.00","       1334.55","       1376.70","    1136295","          1564335285.40","      45903"
"ACC","EQ","16-Nov-2016","       1334.55","       1349.00","       1375.00","       1307.85","       1332.15","       1338.85","       1333.15","     412210","           549537440.85","      29040"
"ACC","EQ","17-Nov-2016","       1338.85","       1338.90","       1338.90","       1295.00","       1307.10","       1301.40","       1312.68","     279526","           366929033.90","      16597"
"ACC","EQ","18-Nov-2016","       1301.40","       1306.00","       1318.45","       1291.00","       1311.00","       1309.70","       1304.98","     204142","           266400253.95","      12039"
"ACC","EQ","21-Nov-2016","       1309.70","       1315.00","       1316.40","       1265.15","       1275.00","       1272.25","       1286.22","     395665","           508910285.90","      19055"
"ACC","EQ","22-Nov-2016","       1272.25","       1282.00","       1297.00","       1256.55","       1292.30","       1293.00","       1280.90","     274371","           351441256.30","      14844"
"ACC","EQ","23-Nov-2016","       1293.00","       1306.00","       1316.90","       1276.70","       1305.00","       1302.75","       1295.39","     267500","           346516164.50","      14568"
"ACC","EQ","24-Nov-2016","       1302.75","       1302.00","       1335.00","       1281.10","       1331.00","       1325.15","       1316.77","     388251","           511237256.05","      40211"
"ACC","EQ","25-Nov-2016","       1325.15","       1331.00","       1331.00","       1298.75","       1309.00","       1309.40","       1310.23","     328988","           431048403.40","      15616"
"ACC","EQ","28-Nov-2016","       1309.40","       1312.90","       1326.90","       1304.90","       1316.05","       1317.70","       1317.29","     262470","           345750407.25","      20557"
"ACC","EQ","29-Nov-2016","       1317.70","       1321.10","       1339.80","       1306.55","       1321.70","       1320.00","       1326.03","     215852","           286226791.30","      14625"
"ACC","EQ","30-Nov-2016","       1320.00","       1325.00","       1354.75","       1323.20","       1345.60","       1342.40","       1342.55","     358245","           480963344.75","      24633"
"ACC","EQ","01-Dec-2016","       1342.40","       1349.10","       1354.90","       1327.00","       1335.00","       1338.00","       1336.45","     231448","           309319587.30","      10880"
"ACC","EQ","02-Dec-2016","       1338.00","       1333.80","       1338.00","       1317.90","       1335.00","       1325.70","       1325.67","     189494","           251206573.50","       9189"
"ACC","EQ","05-Dec-2016","       1325.70","       1332.35","       1347.25","       1318.80","       1340.35","       1340.00","       1331.78","     189012","           251721499.75","      18259"
"ACC","EQ","06-Dec-2016","       1340.00","       1341.25","       1357.40","       1340.00","       1352.00","       1350.55","       1347.88","     150509","           202868578.45","       9707"
"ACC","EQ","07-Dec-2016","       1350.55","       1352.25","       1360.90","       1347.45","       1351.40","       1350.00","       1350.83","     317740","           429212323.05","      11888"
"ACC","EQ","08-Dec-2016","       1350.00","       1352.20","       1371.40","       1351.00","       1362.00","       1358.65","       1361.99","     189040","           257470378.00","      17633"
"ACC","EQ","09-Dec-2016","       1358.65","       1362.25","       1385.00","       1355.55","       1383.90","       1379.15","       1372.11","     213389","           292794027.30","       9547"
"ACC","EQ","12-Dec-2016","       1379.15","       1372.50","       1375.75","       1341.15","       1345.60","       1345.90","       1355.84","     174756","           236941850.45","      11129"
"ACC","EQ","13-Dec-2016","       1345.90","       1348.70","       1349.90","       1328.20","       1340.00","       1339.75","       1337.23","     160886","           215141963.60","       7324"
"ACC","EQ","14-Dec-2016","       1339.75","       1340.05","       1343.00","       1310.10","       1310.10","       1313.45","       1320.52","     244083","           322317614.85","      23421"
"ACC","EQ","15-Dec-2016","       1313.45","       1306.00","       1328.10","       1304.85","       1310.35","       1314.95","       1316.33","     240587","           316691011.90","      18926"
"ACC","EQ","16-Dec-2016","       1314.95","       1316.80","       1318.50","       1283.05","       1295.00","       1294.15","       1297.46","     359428","           466343226.85","      14792"
"ACC","EQ","19-Dec-2016","       1294.15","       1294.15","       1296.75","       1269.55","       1270.85","       1277.70","       1283.25","     320880","           411769882.90","      16376"
"ACC","EQ","20-Dec-2016","       1277.70","       1274.80","       1299.00","       1272.00","       1299.00","       1295.15","       1288.57","     128333","           165365671.05","       8130"
"ACC","EQ","21-Dec-2016","       1295.15","       1300.05","       1314.10","       1295.00","       1300.30","       1300.00","       1304.91","     189869","           247761836.80","      11469"
"ACC","EQ","22-Dec-2016","       1300.00","       1298.80","       1305.10","       1285.20","       1302.30","       1294.40","       1290.90","     195979","           252988998.05","      19539"
"ACC","EQ","23-Dec-2016","       1294.40","       1296.05","       1305.00","       1285.50","       1294.80","       1296.30","       1294.78","     167352","           216684383.15","      11112"
"ACC","EQ","26-Dec-2016","       1296.30","       1293.65","       1295.00","       1278.40","       1291.50","       1284.10","       1287.69","     128460","           165416497.55","       9521"
"ACC","EQ","27-Dec-2016","       1284.10","       1284.00","       1297.00","       1279.30","       1296.10","       1294.80","       1291.46","     123749","           159817303.50","       5936"
"ACC","EQ","28-Dec-2016","       1294.80","       1283.30","       1305.00","       1283.30","       1299.00","       1294.80","       1296.13","     276849","           358832746.25","      10670"
"ACC","EQ","29-Dec-2016","       1294.80","       1295.00","       1314.70","       1293.40","       1307.00","       1309.95","       1304.98","     283456","           369904506.70","      16091"
"ACC","EQ","30-Dec-2016","       1309.95","       1311.20","       1336.00","       1310.00","       1330.00","       1331.05","       1326.08","     162248","           215153123.40","       8889"
